company_name,stock_name,filing_time,new_product,product_description
3M Company,MMM,10/22/2024,none,No new products mentioned.
ABBOTT LABORATORIES,ABT,16-Oct-24,none,No new products mentioned.
ABBOTT LABORATORIES,ABBOTT LABORIES,15-Nov-24,none,No new products mentioned.
BioMarin Pharmaceuticals Inc.,BMRN,3-Oct-24,none,No new products mentioned.
ABC Pharmaceuticals,ABCP,30-Oct-24,No new products mentioned.,No new products mentioned.
ABBVIE INC.,ABBVIE,13-Dec-24,none,No new products mentioned.
ACCENTURE PLC,ACCENURE PLC,4-Oct-24,none,No new products mentioned.
ACCENTURE PLC,ACN,12/2/2024,none,No new products mentioned.
ACCENTURE PLC,ACC,19-Dec-24,none,No new products mentioned.
Adobe,ADBE,12/11/2024,none,No new products mentioned.
"Advanced Micro Devices, Inc.",AMD,10/29/2024,N/A,No new products mentioned.
"Advanced Micro Devices, Inc.",AMD,10/31/2023,Mali-GPUs,Mali GPUs are high-performance graphics processing units designed for gamers and content creators.
XYZ Company,XYZ,10/1/2023,New Product 1,XYZ's New Product 1 is designed to enhance customer experience with innovative features.
Tech Corp,TECH,10/27/2023,AI-Powered Smart Camera,"The AI-Powered Smart Camera is designed for enhanced security and surveillance with advanced features such as facial recognition, 4K resolution, and real-time monitoring."
Agilent Technologies,AGNT,25-Nov-24,none,No new products mentioned.
XYZTech,XYZT,12/13/2024,XYZTech SecureLink Pro X2,Next-gen secure communication solution with enhanced threat detection and seamless integration with existing systems.
"Air Products and Chemicals, Inc.",APD,7-Nov-24,none,No new products mentioned.
"Air Products and Chemicals, Inc.",APD,18-Nov-24,none,No new products mentioned.
"Air Products and Chemicals, Inc.",APD,12/5/2024,none,No new products mentioned.
"Airbnb, Inc.",AIRBNB,11/7/2023,none,No new products mentioned.
"Akamai Technologies, Inc.",AKAMAI,7-Nov-24,none,No new products mentioned.
AlphaTech Solutions,ALPHATECH,10/17/2023,Cybersecurity Awareness Training Platform,"A comprehensive cybersecurity awareness training platform designed to enhance your organization's security posture by educating employees on best practices, threat prevention, and incident response."
"Alexandria Real Estate Equities, Inc.",ARE,4-Dec-24,none,No new products mentioned.
"Alexandria Real Estate Equities, Inc.",ALE,12/9/2024,none,No new products mentioned.
"Align Technology, Inc.",ALIGN,23-Oct-24,No new products mentioned.,No new products mentioned.
"Align Technology, Inc.",AGN,10/24/2024,none,No new products mentioned.
ALLEGION PLC,Senior Notes Due,24-Oct-24,none,No new products mentioned.
ALLEGION PLC,,5-Dec-24,none,No new products mentioned.
Company A,Common Stock,10/31/2024,New Product 1,A new product line of renewable energy solutions designed to enhance sustainability and reduce carbon footprint.
XYZ Energy Co.,XYZ,12/31/2023,New Product 1,"XYZ's new advanced battery technology that offers higher energy density and faster charging times compared to traditional batteries, suitable for electric vehicles and renewable energy storage systems."
Company A,Company A Common Stock,17-Oct-24,Senior Notes Due 2025,Senior notes due 2025.
Allstate,ALLSTATE,10/30/2024,none,No new products mentioned.
Allstate,ALLSTATE,11/21/2024,none,No new products mentioned.
"Altria Group, Inc.",MO,31-Oct-24,none,No new products mentioned.
Amazon.com Inc.,AMZN,10/31/2024,none,No new products mentioned.
AMCOR PLC,Senior Notes Due 2027,12/31/2023,none,No new products mentioned.
ABC Corporation,ABCS,10/31/2024,New Product Line: Personalized Smart Home Security System,"The company announced a new product line called 'Personalized Smart Home Security System' designed to integrate seamlessly with existing smart home devices, offering enhanced security features and customizable options for users."
ABC Corp.,ABC,11/8/2024,New Product 1,A new product line of software solutions for small businesses and startups.
Amcor PLC,AMCOR PLC,10/1/2023,No new products mentioned.,No product descriptions provided.
Company A,Stock A,7-Oct-24,none,No new products mentioned.
Ameren Corporation,AMER,6-Nov-24,none,No new products mentioned.
AMC Networks,AMCX,12/16/2024,no,No new products mentioned.
ABC Company,ABCSN,12/20/2024,Green Tech Solar Panel,"New line of solar panels designed for residential and commercial use, featuring advanced energy efficiency and sustainable manufacturing processes."
AMC Networks,AMC,12/20/2024,N/A,No new products mentioned.
"AMEREN MISSOURI SECURITIZATION FUNDING I, LLC",None provided in text,12-Dec-24,No new products mentioned.,No specific products mentioned.
"AMEREN MISSOURI SECURITIZATION FUNDING I, LLC",Common Stock,12/20/2024,none,No new products mentioned.
"American Electric Power Company, Inc.",AEP,31-Oct-24,none,No new products mentioned.
"American Electric Power Company, Inc.",AEP,6-Nov-24,none,No new products mentioned.
Company Name,Stock ticker,10/15/2024,New Product,"A new product was mentioned in the report, but the specific details were not provided."
AMC,AMC,18-Oct-24,no,No new products mentioned.
Tech Corp,TCOM,11/15/2024,AI-Powered Smart Router,The new AI-powered smart router enhances Wi-Fi coverage and optimizes network performance with advanced machine learning algorithms.
TechCorp Inc.,TCorp,12/16/2024,New Product 1,Revolutionary AI-powered smart home device for energy monitoring and automation.
ABC Company,ABC,10/31/2024,Senior Notes Due 2025 and Common Stock,The company introduced Senior Notes Due 2025 and Common Stock as new products.
ABC,XYZ,1/15/2024,New Product,A new product has been developed by ABC. This product is designed to improve efficiency and productivity in the workplace.
ABC Company,ABC Corp.,3/31/2024,XYZ Widget,"A new product line of XYZ Widget designed for professional use, utilizing advanced technology and innovative design."
Company A,A0001,3/1/2024,New Product 2,"Expanded features for enhanced customer experience, including AI-driven recommendations and improved security protocols."
XYZ Corp.,XYZ,4/30/2024,Smart Home Hub,"A smart hub that connects and controls various home devices via voice commands, app integration, and automation features."
"American International Group, Inc.",none,27-Nov-24,none,No new products mentioned.
ABC Insurance,ABC,10/1/2024,ABC Insurance Digital Dashboard,A digital dashboard designed to streamline insurance processes and provide real-time insights.
ABC Company,ABC,12/13/2024,None,No new products mentioned.
American Tower Corporation,AMT,29-Oct-24,none,No new products mentioned.
American Tower Corporation,AMT,31-Oct-24,none,No new products mentioned.
American Tower Corporation,AMT,11/19/2024,none,No new products mentioned.
American Tower Corporation,ATC,11/21/2024,none,No new products mentioned.
American Tower Corporation,AMT,5-Dec-24,none,No new products mentioned.
"American Water Works Company, Inc.",AWK,10/7/2024,none,No new products mentioned.
ABC Supply,ABC,10-Oct-24,none,No new products mentioned.
American Water Works Company,American Water Works Co. (AWK),30-Oct-24,none,No new products mentioned.
ABC Company,ABC,30-Oct-24,Smart Water Bottle with Temperature Control and UV Sterilization,"The latest addition to our portfolio, the Smart Water Bottle features temperature control and UV sterilization to keep your water fresh and at the perfect temperature all day."
XYZ Water Solutions,XYZW,12-Nov-24,Smart H2O Plus Filter,"Revolutionary water filtration system that removes 99% of contaminants including lead, chlorine, and other harmful substances. Features advanced ultrafiltration technology for superior performance."
Accelera Capital,ACCLER,12/6/2024,None,No new products mentioned.
ABC Company,ABC Stock,6-Dec-24,New Product Line: X,The company introduced a new product line aimed at enhancing customer experience and efficiency.
ABC,ABCM,10/23/2024,ABC's AI-Powered Analytics Platform for Small Businesses,AI-powered analytics platform designed to help small businesses manage and optimize their operations with real-time data insights.
Ameriprise Financial,AMERIPRISE FINANCIAL INC,26-Nov-24,none,No new products mentioned.
"AMETEK, Inc.",AMETEK,31-Oct-24,none,No new products mentioned.
AMC Entertainment,AMC,30-Oct-24,AMC Signature Series,AMC Theatresâ€™ premium viewing experience with reserved seating and premium amenities.
ABC Company,ABC Stock,23-Oct-24,XYZ Widget v2.5,XYZ Widget v2.5 is an upgraded version with enhanced features such as improved connectivity and user-friendly interface.
Amphenol Corporation,AMP,10/29/2024,none,No new products mentioned.
Amphenol Corporation,AMPHENOL,31-Oct-24,none,No new products mentioned.
"Analog Devices, Inc.","ANALOG DEVICES, INC.",10-Oct-24,none,No new products mentioned.
Analog Devices Inc.,ADX,11/4/2024,none,No new products mentioned.
Analog Devices,ADQ,11/20/2024,none,No new products mentioned.
NewCo,NC,10/1/2023,ADAS 360,ADAS 360 is an advanced driver assistance system designed to enhance safety in vehicles.
"ANSYS, Inc.",ANYS,6-Nov-24,ANSYS Mechanical Suite Expansion,The ANSYS Mechanical Suite has been expanded with new capabilities that improve simulation and design processes.
"ANSYS, Inc.",ANSS,12/27/2024,none,No new products mentioned.
ABC Industries,ABCS,10/25/2024,Smart Energy Hub,"A smart, energy-efficient hub that connects to your home's systems and optimizes energy use."
Apollo Global Management,"APOLLO GLOBAL MANAGEMENT, INC.",1-Oct-24,none,No new products mentioned.
Apollo Global Management,,10-Oct-24,no,No new products mentioned.
"APOLLO GLOBAL MANAGEMENT, INC.",AGM,5-Nov-24,none,No new products mentioned.
ABC123,ABCD,10/12/2023,New Product 1,New Product 1 is a revolutionary new product that offers innovative features for [specific use].
XYZ Inc.,ABC,10/25/2023,none,No new products mentioned.
Company A,A001,10/19/2023,AI-Powered Analytics Platform for Business Intelligence,"AI-powered analytics platform designed to enhance business intelligence capabilities, enabling better decision-making and performance tracking."
Apple Inc.,APPLE,10/31/2024,Apple Vision Pro,"A mixed-reality headset designed for both augmented reality and virtual reality experiences, featuring advanced sensors, display technology, and AI integration."
"Applied Materials, Inc.",AMAT,14-Nov-24,none,No new products mentioned.
ABC Company,ABC,10/5/2023,New Product 1,"A new product to be launched by ABC Company, targeting specific market segments with innovative features."
APTIV PLC,APTV,12/18/2024,none,No new products mentioned.
Aptiv,APT,10/31/2023,none,No new products mentioned.
ABC,ABCSR,2024-11,none,No new products mentioned.
Aptiv PLC,APTIV,25-Nov-24,none,No new products mentioned.
APTIV PLC,Senior Notes Due 2027,2-Dec-24,none,No new products mentioned.
